{"result":[{"sequenceNumber":0,"languageId":1,"id":2018042,"value":"01"},{"sequenceNumber":0,"languageId":1,"id":2018041,"value":"02"},{"sequenceNumber":0,"languageId":1,"id":2018040,"value":"03"},{"sequenceNumber":0,"languageId":1,"id":2018039,"value":"04"},{"sequenceNumber":0,"languageId":1,"id":2018038,"value":"05"},{"sequenceNumber":0,"languageId":1,"id":2018037,"value":"06"},{"sequenceNumber":0,"languageId":1,"id":2018036,"value":"07"},{"sequenceNumber":0,"languageId":1,"id":2018035,"value":"08"},{"sequenceNumber":0,"languageId":1,"id":2018034,"value":"09"},{"sequenceNumber":0,"languageId":1,"id":2018033,"value":"10"},{"sequenceNumber":0,"languageId":1,"id":2018032,"value":"11"},{"sequenceNumber":0,"languageId":1,"id":2018031,"value":"12"},{"sequenceNumber":0,"languageId":1,"id":2018030,"value":"13"},{"sequenceNumber":0,"languageId":1,"id":2018029,"value":"14"},{"sequenceNumber":0,"languageId":1,"id":2018028,"value":"15"},{"sequenceNumber":0,"languageId":1,"id":2018027,"value":"16"},{"sequenceNumber":0,"languageId":1,"id":2018026,"value":"17"},{"sequenceNumber":0,"languageId":1,"id":2018025,"value":"18"},{"sequenceNumber":0,"languageId":1,"id":2018024,"value":"19"},{"sequenceNumber":0,"languageId":1,"id":2018023,"value":"20"},{"sequenceNumber":0,"languageId":1,"id":2018022,"value":"21"},{"sequenceNumber":0,"languageId":1,"id":2018021,"value":"22"},{"sequenceNumber":0,"languageId":1,"id":2018020,"value":"23"},{"sequenceNumber":0,"languageId":1,"id":2018019,"value":"24"},{"sequenceNumber":0,"languageId":1,"id":2018018,"value":"25"},{"sequenceNumber":0,"languageId":1,"id":2018017,"value":"26"},{"sequenceNumber":0,"languageId":1,"id":2018016,"value":"27"},{"sequenceNumber":0,"languageId":1,"id":2018015,"value":"28"},{"sequenceNumber":0,"languageId":1,"id":2018014,"value":"29"},{"sequenceNumber":0,"languageId":1,"id":2018013,"value":"30"},{"sequenceNumber":0,"languageId":1,"id":2018012,"value":"31"}],"listId":"107054"}