{
  "AlphaNumeric": [
    {
    "alpha":"abc1",
    "number":"234",
    "animal":"Ox",
    "link":"http://yahoo.com"
    
  },
  {
    "alpha":"abc2",
    "number":"56",
    "animal":"Elephant",
    "link":"http://wikipedia.com"
    
  },
  {
    "alpha":"abc9",
    "number":"10",
    "animal":"Girafee",
    "link":"http://facebook.com"
    
  },
  {
  "alpha":"abc9",
    "number":"155",
    "animal":"Lion",
    "link":"http://nytimes.com"
    
    
  },
  {
    "alpha":"ABC10",
    "number":"87",
    "animal":"Zebra",
    "link":"http://google.com"
    
  },
   {
    "alpha":"abc11",
    "number":"3",
    "animal":"Chimp",
    "link":"http://ucla.com"
    
  },
   {
    "alpha":"abc123",
    "number":"10",
    "animal":"Koala",
    "link":"http://mit.com"
    
  },
   {
    "alpha":"zxy1",
    "number":"999",
    "animal":"Koala",
    "link":"http://nasa.com"
    
  },
   {
    "alpha":"zxy12",
    "number":"0",
    "animal":"Llama",
    "link":"http://whitehouse.com"
    
  }
  ]
}